"Timestamp","Username","Name:","Date:","Are you a:","Gender:","A. Functionality [The Literacy Learning System performs well in fulfilling its intended purpose of enhancing reading and writing skills.]","A. Functionality [The system provides accurate and appropriate learning materials (stories, exercises, and activities).]","A. Functionality [The system functions properly without errors or bugs during use.]","A. Functionality [The system features respond correctly to user inputs.]","A. Functionality [The system allows users to save or view their progress efficiently.]","A. Functionality [The system includes helpful feedback after each activity or lesson.]","A. Functionality [The system provides strong data security for]","B. Reliability [The system runs smoothly without freezing or crashing.]","B. Reliability [The system consistently displays correct lessons and activities.]","B. Reliability [The system can save progress even during unexpected interruptions.]","B. Reliability [The system's content loads properly every time it is accessed]","C. Usability [The design is visually appealing and child-friendly.]","C. Usability [The system is easy to navigate and understand]","C. Usability [The texts, icons, and buttons are clear and readable.]","C. Usability [The activities are easy to follow without too much guidance.]","D. Efficiency [The system loads quickly and responds without delays.]","D. Efficiency [Switching between lessons or activities is fast and smooth.]","E. Maintainability [The system's features allow testing and checking for functionality easily.]","E. Maintainability [The system can be easily updated with new lessons or content.]","F. Portability [The system runs smoothly on different devices (phone,tablet,PC).]","F. Portability [The system is compatible with various operating systems (Android, Windows, etc).]","G. Overall Satisfaction [I am satisfied with the overall performance of the Literacy Learning System.]","G. Overall Satisfaction [The system meets the learning needs of students.]","Comments and Suggestions:"
"2025/11/22 9:48:00 PM GMT+8","rreeicer@gmail.com","Reicer Rambonanza","2025-11-22","Learner:","Male","5","5","5","5","5","5","5","5","5","5","5","4","5","5","5","4","5","5","5","4","4","4","5",""
"2025/11/22 11:23:01 PM GMT+8","balastalyn06@gmail.com","Lyka","2025-11-22","Learner:","Female","5","5","5","5","5","5","5","5","5","5","5","5","5","5","5","5","5","5","5","5","5","5","5",""
"2025/11/23 10:05:47 AM GMT+8","millano.mherben.eccbscs@gmail.com","Mherben Millano","2025-11-23","Learner:","Male","5","5","5","5","5","5","5","5","5","5","5","5","5","5","5","5","5","5","5","5","5","5","5",""
"2025/11/23 10:31:54 AM GMT+8","diaz.vincealec.eccbscs@gmail.com","vince","2025-11-23","Learner:","Male","5","5","5","5","5","5","5","5","5","5","5","5","5","5","5","5","5","5","5","5","5","5","5","im satisfied"
"2025/11/23 10:36:57 AM GMT+8","alag.raymon.eccbscs@gmail.com","Raymon","2025-11-23","Learner:","Male","5","5","5","5","5","5","5","5","5","5","5","5","5","5","5","5","5","5","5","5","5","5","5",""
"2025/11/23 2:12:30 PM GMT+8","estrabo.katrinaanne.eccbscs@gmail.com","Katrina Estrabo","2025-11-23","Learner:","Female","4","5","4","5","5","5","4","3","4","4","4","3","4","5","3","5","4","5","5","4","4","4","4",""
"2025/11/25 2:52:37 PM GMT+8","shaimagusara.ggfcsi.c2@gmail.com","Shaira Erica Mag-usara","2025-11-25","Administrator","Female","5","5","5","5","5","5","5","5","5","5","5","5","5","5","5","5","5","5","5","5","5","5","5","Maybe you can add a breakdown of fees on admin part"
"2025/11/25 6:21:33 PM GMT+8","mariyajaninatagum@gmail.com","Janine ","2025-11-25","Teacher/Professor","Female","4","5","5","5","4","4","4","4","4","5","5","4","4","5","5","4","4","4","3","4","4","5","5",""
"2025/11/25 6:21:41 PM GMT+8","tr.evangeline.csea@gmail.com","Evangeline F. Nallas","2025-11-27","Teacher/Professor","Female","3","4","4","4","4","3","4","4","4","4","4","4","4","4","3","4","4","4","3","3","3","3","3",""
"2025/11/25 6:21:50 PM GMT+8","ruizmera31@gmail.com","Mera","2025-11-25","Teacher/Professor","Female","5","5","5","5","5","5","5","5","5","5","5","5","5","5","5","5","5","4","4","5","5","5","5",""
"2025/11/25 6:22:47 PM GMT+8","peridojayson505@gmail.com","Jayson Perido","2025-11-25","Teacher/Professor","Male","5","4","3","3","3","3","3","3","3","3","3","3","3","3","3","3","3","3","3","4","4","3","3",""
"2025/11/25 6:23:26 PM GMT+8","cherryborda30@gmail.com","Cherry Borda","2025-11-25","Teacher/Professor","Female","4","4","4","4","4","4","5","4","4","4","4","5","4","4","4","4","4","4","4","4","4","4","4","The enhancement will surely improve user experience and productivity"
"2025/11/25 6:24:04 PM GMT+8","micajoycardines7@gmail.com","Mica Joy Cardines","2025-11-25","Teacher/Professor","Female","5","4","4","5","5","5","5","4","4","4","4","4","4","4","4","4","4","4","4","4","4","4","4","Good presentation. This web will be used and easily accessible by the school. "
"2025/11/25 6:24:23 PM GMT+8","rhealynsombol357@gmail.com","Rhealyn F. Sombol","2025-11-25","Teacher/Professor","Female","4","4","4","5","5","4","4","4","4","4","4","5","5","4","5","4","4","4","4","4","4","5","5",""
"2025/11/25 6:24:29 PM GMT+8","marellaczigrid@gmail.com","Marella Czigrid Dimapilis Ibarra","2025-11-25","Teacher/Professor","Female","3","4","4","5","5","5","5","4","4","4","4","5","5","5","5","5","5","4","4","4","4","5","5","So far the system looks efficient and less in work for teachers. However, this could improve more in certain areas. "
"2025/11/25 6:25:08 PM GMT+8","picadardaniladoniego5@gmail.com","Darda","2025-11-25","Teacher/Professor","Female","5","5","5","5","5","5","5","5","5","5","5","5","5","5","5","5","5","5","5","5","5","5","5",""
"2025/11/25 6:27:16 PM GMT+8","marangenlenivy@gmail.com","T. Len","2025-11-25","Teacher/Professor","Female","3","3","3","3","3","4","4","4","4","4","4","4","4","4","3","3","3","3","3","3","3","3","3",""
"2025/11/26 1:23:14 PM GMT+8","cupcake@gmail.com","Akisha Faner","2025-11-26","Learner:","Female","5","5","5","5","5","5","4","5","5","5","5","5","5","5","5","5","5","5","5","5","5","5","5",""
"2025/11/26 1:26:42 PM GMT+8","c@gmail.com","carlene","2025-11-26","Learner:","Female","5","5","5","5","5","5","5","5","5","5","5","5","5","5","5","5","5","5","5","5","5","5","5",""
"2025/11/26 8:21:15 PM GMT+8","clyde@gmail.com","Clyde Gozarin","2025-11-26","Learner:","Male","5","5","5","5","5","5","5","5","5","5","5","5","5","5","5","5","5","5","5","5","4","5","5",""
"2025/11/26 8:25:21 PM GMT+8","JF@gmail.com","Sean Flores","2025-11-26","Learner:","Male","5","5","5","5","5","5","5","5","5","5","5","5","5","5","5","5","5","5","5","5","5","5","5",""
"2025/11/26 8:28:35 PM GMT+8","Msean@gmail.com","Sean Marquez","2025-11-26","Learner:","Male","5","5","5","5","5","5","5","5","5","4","5","5","5","5","5","5","5","5","5","5","5","5","5",""
"2025/11/26 8:36:20 PM GMT+8","johnguzman@gmail.com","John Guzman","2025-11-26","Learner:","Male","5","5","5","5","5","5","5","5","5","5","5","5","5","5","5","5","5","5","5","5","5","5","5",""
"2025/11/26 9:54:21 PM GMT+8","mtomita@gmail.com","Mark Tomita","2025-11-26","Learner:","Male","5","5","5","5","5","5","5","5","5","5","5","5","5","5","5","5","5","5","5","5","5","5","5",""
"2025/11/26 10:00:21 PM GMT+8","kat2x@gmail.com","Katkat Alagos","2025-11-26","Learner:","Female","5","5","5","5","5","5","5","4","4","4","4","4","4","4","4","4","4","4","4","4","4","5","5",""
"2025/11/26 10:03:05 PM GMT+8","lira2Alforte@gmail.com","Lira Alforte","2025-11-26","Learner:","Female","4","4","4","4","4","4","4","5","5","5","5","5","5","5","5","5","5","5","5","5","5","5","5",""
"2025/11/26 10:11:25 PM GMT+8","olingf@gmail.com","Felgrace Oling","2025-11-26","Learner:","Female","5","5","5","5","5","5","5","4","5","5","5","5","5","5","5","5","5","5","5","4","4","5","5",""
"2025/11/26 10:16:02 PM GMT+8","sakura@gmail.com","Sakura Oling","2025-11-26","Learner:","Female","5","5","5","5","5","5","5","5","5","5","5","5","5","5","5","5","5","4","4","5","5","5","5",""
"2025/11/26 10:20:16 PM GMT+8","fortessofia@gmail.com","Sofia Fortes","2025-11-26","Learner:","Female","4","4","4","4","4","4","4","4","4","4","4","5","5","5","5","4","4","4","4","5","5","5","5",""
"2025/11/26 10:24:11 PM GMT+8","j@gmail.com","Jinseo Kim","2025-11-26","Learner:","Male","5","5","5","5","5","5","5","5","5","5","5","5","5","5","5","5","5","5","5","5","5","5","5",""
"2025/11/26 10:33:45 PM GMT+8","k@gmail.com","kyrie Lanaria","2025-11-26","Learner:","Male","5","5","4","5","5","5","5","5","5","5","5","5","5","4","5","5","5","5","4","5","5","5","5",""
"2025/11/26 10:43:42 PM GMT+8","m@gmail.com","Mathew","2025-11-26","Learner:","Male","5","4","4","5","5","5","5","4","5","5","5","5","5","5","5","5","5","5","5","5","5","5","5",""
"2025/11/26 10:51:26 PM GMT+8","aizen157@gmail.com","Aizen E.","2025-11-26","Learner:","Male","5","4","5","5","4","5","5","5","5","4","5","5","4","5","4","5","5","5","4","5","5","4","5",""
"2025/11/26 10:51:33 PM GMT+8","ky@gmail.com","Kyrie L.","2025-11-26","Learner:","Male","5","5","4","5","5","5","4","4","5","5","5","5","5","5","4","4","5","5","5","5","5","5","5",""
"2025/11/26 10:54:06 PM GMT+8","junv@gmail.com","Jun V","2025-11-26","Learner:","Male","5","5","5","5","4","5","5","5","4","5","5","5","5","4","5","5","5","5","5","5","5","5","5",""
"2025/11/26 10:56:20 PM GMT+8","tris126@gmail.com","Tristan Q.","2025-11-26","Learner:","Male","5","5","5","5","5","5","5","5","5","5","5","4","5","5","4","5","5","5","5","5","5","4","4",""
"2025/11/26 10:56:46 PM GMT+8","Rcera@gmail.com","Ronan Cera","2025-11-26","Learner:","Male","5","5","4","5","5","5","4","5","5","5","5","5","5","5","5","5","4","4","4","5","5","5","5",""
"2025/11/26 10:59:01 PM GMT+8","moralesraplh@gmail.com","Ralph M.","2025-11-26","Learner:","Male","5","5","5","5","5","5","5","5","5","5","5","4","5","5","5","5","5","5","5","5","5","5","5",""
"2025/11/26 11:02:02 PM GMT+8","ezraave@gmail.com","Ezra Ave","2025-11-26","Learner:","Male","4","5","5","4","4","5","4","5","5","5","5","5","5","5","5","5","5","5","5","5","5","5","5",""
"2025/11/26 11:02:13 PM GMT+8","alexander1234@gmail.com","Alexander p.","2025-11-26","Learner:","Male","4","4","4","4","4","4","4","4","4","4","4","4","4","4","4","4","4","5","5","5","5","5","4",""
"2025/11/26 11:04:53 PM GMT+8","sofia@gmail.com","Sofia Lagarto","2025-11-26","Learner:","Female","5","5","5","5","5","5","4","4","4","5","5","5","5","5","5","5","5","5","5","5","5","4","5",""
"2025/11/26 11:08:59 PM GMT+8","princess@gmail.com","Princess N.","2025-11-26","Learner:","Female","5","5","5","5","5","5","5","5","5","5","5","5","4","5","5","5","5","5","5","5","5","5","5",""
"2025/11/26 11:10:51 PM GMT+8","kish@gmail.com","Akisha Reyes","2025-11-26","Learner:","Female","5","5","5","5","5","4","4","5","5","5","5","3","4","4","4","5","5","5","5","5","5","5","5",""
"2025/11/26 11:13:27 PM GMT+8","uniceballila@gmail.com","Unice Balila","2025-11-26","Learner:","Female","5","5","5","5","5","5","5","5","5","5","5","5","5","5","5","5","5","5","5","5","5","5","5",""
"2025/11/26 11:20:46 PM GMT+8","kylee@gmail.com","Kylee Ripalda","2025-11-26","Learner:","Female","5","5","5","5","5","5","5","5","5","5","5","5","5","5","5","5","5","5","5","5","5","5","5",""
"2025/11/26 11:31:12 PM GMT+8","lingaya@gmail.com","Jhed Lingaya","2025-11-26","Learner:","Male","5","5","5","5","5","5","5","5","5","5","5","5","5","5","5","5","5","5","5","5","5","5","5",""
"2025/11/26 11:32:09 PM GMT+8","amaicaheh@gmail.com","Amaica S.","2025-11-26","Learner:","Female","5","5","4","3","5","5","5","5","5","5","4","4","4","5","4","5","5","5","4","5","5","5","4",""
"2025/11/26 11:38:13 PM GMT+8","ambersar@gmail.com","Amber Sarine","2025-11-26","Learner:","Male","5","5","5","5","5","5","5","5","5","5","5","4","4","4","5","5","5","5","5","5","5","5","4",""
"2025/11/26 11:45:55 PM GMT+8","carlm@gmail.com","Carl M.","2025-11-26","Learner:","Male","5","5","5","5","5","5","5","5","5","5","5","5","5","5","5","5","5","5","5","5","5","5","5",""
"2025/11/26 11:46:11 PM GMT+8","carl268@gmail.com","Carl M.","2025-11-26","Learner:","Male","5","5","5","5","4","5","5","5","5","4","4","5","5","5","5","5","5","5","5","5","5","5","5",""